{
  "format_version": "1.16.100",
  "letter_blocks:letter_a": {
    "textures": {
      "up": "letter_blocks_letter_a_up",
      "down": "letter_blocks_letter_a_down",
      "south": "letter_blocks_letter_a_south",
      "north": "letter_blocks_letter_a_north",
      "west": "letter_blocks_letter_a_west",
      "east": "letter_blocks_letter_a_east"
    },
    "sound": "gravel"
  },
  "letter_blocks:latter_b": {
    "textures": {
      "up": "letter_blocks_latter_b_up",
      "down": "letter_blocks_latter_b_down",
      "south": "letter_blocks_latter_b_south",
      "north": "letter_blocks_latter_b_north",
      "west": "letter_blocks_latter_b_west",
      "east": "letter_blocks_latter_b_east"
    },
    "sound": "gravel"
  },
  "letter_blocks:latter_c": {
    "textures": {
      "up": "letter_blocks_latter_c_up",
      "down": "letter_blocks_latter_c_down",
      "south": "letter_blocks_latter_c_south",
      "north": "letter_blocks_latter_c_north",
      "west": "letter_blocks_latter_c_west",
      "east": "letter_blocks_latter_c_east"
    },
    "sound": "gravel"
  },
  "letter_blocks:letter_d": {
    "textures": {
      "up": "letter_blocks_letter_d_up",
      "down": "letter_blocks_letter_d_down",
      "south": "letter_blocks_letter_d_south",
      "north": "letter_blocks_letter_d_north",
      "west": "letter_blocks_letter_d_west",
      "east": "letter_blocks_letter_d_east"
    },
    "sound": "gravel"
  },
  "letter_blocks:letter_e": {
    "textures": {
      "up": "letter_blocks_letter_e_up",
      "down": "letter_blocks_letter_e_down",
      "south": "letter_blocks_letter_e_south",
      "north": "letter_blocks_letter_e_north",
      "west": "letter_blocks_letter_e_west",
      "east": "letter_blocks_letter_e_east"
    },
    "sound": "gravel"
  },
  "letter_blocks:letter_f": {
    "textures": {
      "up": "letter_blocks_letter_f_up",
      "down": "letter_blocks_letter_f_down",
      "south": "letter_blocks_letter_f_south",
      "north": "letter_blocks_letter_f_north",
      "west": "letter_blocks_letter_f_west",
      "east": "letter_blocks_letter_f_east"
    },
    "sound": "gravel"
  },
  "letter_blocks:letter_g": {
    "textures": {
      "up": "letter_blocks_letter_g_up",
      "down": "letter_blocks_letter_g_down",
      "south": "letter_blocks_letter_g_south",
      "north": "letter_blocks_letter_g_north",
      "west": "letter_blocks_letter_g_west",
      "east": "letter_blocks_letter_g_east"
    },
    "sound": "gravel"
  },
  "letter_blocks:letter_h": {
    "textures": {
      "up": "letter_blocks_letter_h_up",
      "down": "letter_blocks_letter_h_down",
      "south": "letter_blocks_letter_h_south",
      "north": "letter_blocks_letter_h_north",
      "west": "letter_blocks_letter_h_west",
      "east": "letter_blocks_letter_h_east"
    },
    "sound": "gravel"
  },
  "letter_blocks:latter_i": {
    "textures": {
      "up": "letter_blocks_latter_i_up",
      "down": "letter_blocks_latter_i_down",
      "south": "letter_blocks_latter_i_south",
      "north": "letter_blocks_latter_i_north",
      "west": "letter_blocks_latter_i_west",
      "east": "letter_blocks_latter_i_east"
    },
    "sound": "gravel"
  },
  "letter_blocks:letter_j": {
    "textures": {
      "up": "letter_blocks_letter_j_up",
      "down": "letter_blocks_letter_j_down",
      "south": "letter_blocks_letter_j_south",
      "north": "letter_blocks_letter_j_north",
      "west": "letter_blocks_letter_j_west",
      "east": "letter_blocks_letter_j_east"
    },
    "sound": "gravel"
  },
  "letter_blocks:latter_k": {
    "textures": {
      "up": "letter_blocks_latter_k_up",
      "down": "letter_blocks_latter_k_down",
      "south": "letter_blocks_latter_k_south",
      "north": "letter_blocks_latter_k_north",
      "west": "letter_blocks_latter_k_west",
      "east": "letter_blocks_latter_k_east"
    },
    "sound": "gravel"
  },
  "letter_blocks:letter_l": {
    "textures": {
      "up": "letter_blocks_letter_l_up",
      "down": "letter_blocks_letter_l_down",
      "south": "letter_blocks_letter_l_south",
      "north": "letter_blocks_letter_l_north",
      "west": "letter_blocks_letter_l_west",
      "east": "letter_blocks_letter_l_east"
    },
    "sound": "gravel"
  },
  "letter_blocks:letter_m": {
    "textures": {
      "up": "letter_blocks_letter_m_up",
      "down": "letter_blocks_letter_m_down",
      "south": "letter_blocks_letter_m_south",
      "north": "letter_blocks_letter_m_north",
      "west": "letter_blocks_letter_m_west",
      "east": "letter_blocks_letter_m_east"
    },
    "sound": "gravel"
  },
  "letter_blocks:letter_n": {
    "textures": {
      "up": "letter_blocks_letter_n_up",
      "down": "letter_blocks_letter_n_down",
      "south": "letter_blocks_letter_n_south",
      "north": "letter_blocks_letter_n_north",
      "west": "letter_blocks_letter_n_west",
      "east": "letter_blocks_letter_n_east"
    },
    "sound": "gravel"
  },
  "letter_blocks:letter_o": {
    "textures": {
      "up": "letter_blocks_letter_o_up",
      "down": "letter_blocks_letter_o_down",
      "south": "letter_blocks_letter_o_south",
      "north": "letter_blocks_letter_o_north",
      "west": "letter_blocks_letter_o_west",
      "east": "letter_blocks_letter_o_east"
    },
    "sound": "gravel"
  },
  "letter_blocks:letter_p": {
    "textures": {
      "up": "letter_blocks_letter_p_up",
      "down": "letter_blocks_letter_p_down",
      "south": "letter_blocks_letter_p_south",
      "north": "letter_blocks_letter_p_north",
      "west": "letter_blocks_letter_p_west",
      "east": "letter_blocks_letter_p_east"
    },
    "sound": "gravel"
  },
  "letter_blocks:letter_q": {
    "textures": {
      "up": "letter_blocks_letter_q_up",
      "down": "letter_blocks_letter_q_down",
      "south": "letter_blocks_letter_q_south",
      "north": "letter_blocks_letter_q_north",
      "west": "letter_blocks_letter_q_west",
      "east": "letter_blocks_letter_q_east"
    },
    "sound": "gravel"
  },
  "letter_blocks:letter_r": {
    "textures": {
      "up": "letter_blocks_letter_r_up",
      "down": "letter_blocks_letter_r_down",
      "south": "letter_blocks_letter_r_south",
      "north": "letter_blocks_letter_r_north",
      "west": "letter_blocks_letter_r_west",
      "east": "letter_blocks_letter_r_east"
    },
    "sound": "gravel"
  },
  "letter_blocks:letter_s": {
    "textures": {
      "up": "letter_blocks_letter_s_up",
      "down": "letter_blocks_letter_s_down",
      "south": "letter_blocks_letter_s_south",
      "north": "letter_blocks_letter_s_north",
      "west": "letter_blocks_letter_s_west",
      "east": "letter_blocks_letter_s_east"
    },
    "sound": "gravel"
  },
  "letter_blocks:letter_t": {
    "textures": {
      "up": "letter_blocks_letter_t_up",
      "down": "letter_blocks_letter_t_down",
      "south": "letter_blocks_letter_t_south",
      "north": "letter_blocks_letter_t_north",
      "west": "letter_blocks_letter_t_west",
      "east": "letter_blocks_letter_t_east"
    },
    "sound": "gravel"
  },
  "letter_blocks:letter_u": {
    "textures": {
      "up": "letter_blocks_letter_u_up",
      "down": "letter_blocks_letter_u_down",
      "south": "letter_blocks_letter_u_south",
      "north": "letter_blocks_letter_u_north",
      "west": "letter_blocks_letter_u_west",
      "east": "letter_blocks_letter_u_east"
    },
    "sound": "gravel"
  },
  "letter_blocks:letter_v": {
    "textures": {
      "up": "letter_blocks_letter_v_up",
      "down": "letter_blocks_letter_v_down",
      "south": "letter_blocks_letter_v_south",
      "north": "letter_blocks_letter_v_north",
      "west": "letter_blocks_letter_v_west",
      "east": "letter_blocks_letter_v_east"
    },
    "sound": "gravel"
  },
  "letter_blocks:letter_w": {
    "textures": {
      "up": "letter_blocks_letter_w_up",
      "down": "letter_blocks_letter_w_down",
      "south": "letter_blocks_letter_w_south",
      "north": "letter_blocks_letter_w_north",
      "west": "letter_blocks_letter_w_west",
      "east": "letter_blocks_letter_w_east"
    },
    "sound": "gravel"
  },
  "letter_blocks:letter_x": {
    "textures": {
      "up": "letter_blocks_letter_x_up",
      "down": "letter_blocks_letter_x_down",
      "south": "letter_blocks_letter_x_south",
      "north": "letter_blocks_letter_x_north",
      "west": "letter_blocks_letter_x_west",
      "east": "letter_blocks_letter_x_east"
    },
    "sound": "gravel"
  },
  "letter_blocks:letter_y": {
    "textures": {
      "up": "letter_blocks_letter_y_up",
      "down": "letter_blocks_letter_y_down",
      "south": "letter_blocks_letter_y_south",
      "north": "letter_blocks_letter_y_north",
      "west": "letter_blocks_letter_y_west",
      "east": "letter_blocks_letter_y_east"
    },
    "sound": "gravel"
  },
  "letter_blocks:letter_z": {
    "textures": {
      "up": "letter_blocks_letter_z_up",
      "down": "letter_blocks_letter_z_down",
      "south": "letter_blocks_letter_z_south",
      "north": "letter_blocks_letter_z_north",
      "west": "letter_blocks_letter_z_west",
      "east": "letter_blocks_letter_z_east"
    },
    "sound": "gravel"
  },
  "letter_blocks:number_0": {
    "textures": {
      "up": "letter_blocks_number_0_up",
      "down": "letter_blocks_number_0_down",
      "south": "letter_blocks_number_0_south",
      "north": "letter_blocks_number_0_north",
      "west": "letter_blocks_number_0_west",
      "east": "letter_blocks_number_0_east"
    },
    "sound": "gravel"
  },
  "letter_blocks:number_1": {
    "textures": {
      "up": "letter_blocks_number_1_up",
      "down": "letter_blocks_number_1_down",
      "south": "letter_blocks_number_1_south",
      "north": "letter_blocks_number_1_north",
      "west": "letter_blocks_number_1_west",
      "east": "letter_blocks_number_1_east"
    },
    "sound": "gravel"
  },
  "letter_blocks:number_2": {
    "textures": {
      "up": "letter_blocks_number_2_up",
      "down": "letter_blocks_number_2_down",
      "south": "letter_blocks_number_2_south",
      "north": "letter_blocks_number_2_north",
      "west": "letter_blocks_number_2_west",
      "east": "letter_blocks_number_2_east"
    },
    "sound": "gravel"
  },
  "letter_blocks:number_3": {
    "textures": {
      "up": "letter_blocks_number_3_up",
      "down": "letter_blocks_number_3_down",
      "south": "letter_blocks_number_3_south",
      "north": "letter_blocks_number_3_north",
      "west": "letter_blocks_number_3_west",
      "east": "letter_blocks_number_3_east"
    },
    "sound": "gravel"
  },
  "letter_blocks:number_4": {
    "textures": {
      "up": "letter_blocks_number_4_up",
      "down": "letter_blocks_number_4_down",
      "south": "letter_blocks_number_4_south",
      "north": "letter_blocks_number_4_north",
      "west": "letter_blocks_number_4_west",
      "east": "letter_blocks_number_4_east"
    },
    "sound": "gravel"
  },
  "letter_blocks:number_5": {
    "textures": {
      "up": "letter_blocks_number_5_up",
      "down": "letter_blocks_number_5_down",
      "south": "letter_blocks_number_5_south",
      "north": "letter_blocks_number_5_north",
      "west": "letter_blocks_number_5_west",
      "east": "letter_blocks_number_5_east"
    },
    "sound": "gravel"
  },
  "letter_blocks:number_6": {
    "textures": {
      "up": "letter_blocks_number_6_up",
      "down": "letter_blocks_number_6_down",
      "south": "letter_blocks_number_6_south",
      "north": "letter_blocks_number_6_north",
      "west": "letter_blocks_number_6_west",
      "east": "letter_blocks_number_6_east"
    },
    "sound": "gravel"
  },
  "letter_blocks:number_7": {
    "textures": {
      "up": "letter_blocks_number_7_up",
      "down": "letter_blocks_number_7_down",
      "south": "letter_blocks_number_7_south",
      "north": "letter_blocks_number_7_north",
      "west": "letter_blocks_number_7_west",
      "east": "letter_blocks_number_7_east"
    },
    "sound": "gravel"
  },
  "letter_blocks:number_8": {
    "textures": {
      "up": "letter_blocks_number_8_up",
      "down": "letter_blocks_number_8_down",
      "south": "letter_blocks_number_8_south",
      "north": "letter_blocks_number_8_north",
      "west": "letter_blocks_number_8_west",
      "east": "letter_blocks_number_8_east"
    },
    "sound": "gravel"
  },
  "letter_blocks:number_9": {
    "textures": {
      "up": "letter_blocks_number_9_up",
      "down": "letter_blocks_number_9_down",
      "south": "letter_blocks_number_9_south",
      "north": "letter_blocks_number_9_north",
      "west": "letter_blocks_number_9_west",
      "east": "letter_blocks_number_9_east"
    },
    "sound": "gravel"
  },
  "letter_blocks:period": {
    "textures": {
      "up": "letter_blocks_period_up",
      "down": "letter_blocks_period_down",
      "south": "letter_blocks_period_south",
      "north": "letter_blocks_period_north",
      "west": "letter_blocks_period_west",
      "east": "letter_blocks_period_east"
    },
    "sound": "gravel"
  },
  "letter_blocks:questionmark": {
    "textures": {
      "up": "letter_blocks_questionmark_up",
      "down": "letter_blocks_questionmark_down",
      "south": "letter_blocks_questionmark_south",
      "north": "letter_blocks_questionmark_north",
      "west": "letter_blocks_questionmark_west",
      "east": "letter_blocks_questionmark_east"
    },
    "sound": "gravel"
  },
  "letter_blocks:explanationmark": {
    "textures": {
      "up": "letter_blocks_explanationmark_up",
      "down": "letter_blocks_explanationmark_down",
      "south": "letter_blocks_explanationmark_south",
      "north": "letter_blocks_explanationmark_north",
      "west": "letter_blocks_explanationmark_west",
      "east": "letter_blocks_explanationmark_east"
    },
    "sound": "gravel"
  },
  "letter_blocks:quotationmark_1": {
    "textures": {
      "up": "letter_blocks_quotationmark_1_up",
      "down": "letter_blocks_quotationmark_1_down",
      "south": "letter_blocks_quotationmark_1_south",
      "north": "letter_blocks_quotationmark_1_north",
      "west": "letter_blocks_quotationmark_1_west",
      "east": "letter_blocks_quotationmark_1_east"
    },
    "sound": "gravel"
  },
  "letter_blocks:quotationmark_2": {
    "textures": {
      "up": "letter_blocks_quotationmark_2_up",
      "down": "letter_blocks_quotationmark_2_down",
      "south": "letter_blocks_quotationmark_2_south",
      "north": "letter_blocks_quotationmark_2_north",
      "west": "letter_blocks_quotationmark_2_west",
      "east": "letter_blocks_quotationmark_2_east"
    },
    "sound": "gravel"
  },
  "letter_blocks:space": {
    "textures": {
      "up": "letter_blocks_space_up",
      "down": "letter_blocks_space_down",
      "south": "letter_blocks_space_south",
      "north": "letter_blocks_space_north",
      "west": "letter_blocks_space_west",
      "east": "letter_blocks_space_east"
    },
    "sound": "gravel"
  },
  "letter_blocks:uparrow": {
    "textures": {
      "up": "letter_blocks_uparrow_up",
      "down": "letter_blocks_uparrow_down",
      "south": "letter_blocks_uparrow_south",
      "north": "letter_blocks_uparrow_north",
      "west": "letter_blocks_uparrow_west",
      "east": "letter_blocks_uparrow_east"
    },
    "sound": "gravel"
  },
  "letter_blocks:downarrow": {
    "textures": {
      "up": "letter_blocks_downarrow_up",
      "down": "letter_blocks_downarrow_down",
      "south": "letter_blocks_downarrow_south",
      "north": "letter_blocks_downarrow_north",
      "west": "letter_blocks_downarrow_west",
      "east": "letter_blocks_downarrow_east"
    },
    "sound": "gravel"
  },
  "letter_blocks:leftarrow": {
    "textures": {
      "up": "letter_blocks_leftarrow_up",
      "down": "letter_blocks_leftarrow_down",
      "south": "letter_blocks_leftarrow_south",
      "north": "letter_blocks_leftarrow_north",
      "west": "letter_blocks_leftarrow_west",
      "east": "letter_blocks_leftarrow_east"
    },
    "sound": "gravel"
  },
  "letter_blocks:rightarrow": {
    "textures": {
      "up": "letter_blocks_rightarrow_up",
      "down": "letter_blocks_rightarrow_down",
      "south": "letter_blocks_rightarrow_south",
      "north": "letter_blocks_rightarrow_north",
      "west": "letter_blocks_rightarrow_west",
      "east": "letter_blocks_rightarrow_east"
    },
    "sound": "gravel"
  }
}