{
  "format_version": "1.21.40",
  "minecraft:block": {
    "description": {
      "identifier": "letter_blocks:letter_p",
      "menu_category": {
        "category": "construction"
      }
    },
    "components": {
      "minecraft:light_emission": 0,
      "minecraft:destructible_by_mining": {
        "seconds_to_destroy": 1
      },
      "minecraft:destructible_by_explosion": {
        "explosion_resistance": 10
      },
      "minecraft:friction": 0.6,
      "minecraft:flammable": {
        "flame_odds": 0,
        "burn_odds": 0
      }
    }
  }
}