{
  "resource_pack_name": "vanilla",
  "texture_name": "atlas.terrain",
  "padding": 8,
  "num_mip_levels": 0,
  "texture_data": {
    "letter_blocks_letter_a_up": {
      "textures": [
        "textures/blocks/a"
      ]
    },
    "letter_blocks_letter_a_down": {
      "textures": [
        "textures/blocks/a"
      ]
    },
    "letter_blocks_letter_a_south": {
      "textures": [
        "textures/blocks/a"
      ]
    },
    "letter_blocks_letter_a_north": {
      "textures": [
        "textures/blocks/a"
      ]
    },
    "letter_blocks_letter_a_west": {
      "textures": [
        "textures/blocks/a"
      ]
    },
    "letter_blocks_letter_a_east": {
      "textures": [
        "textures/blocks/a"
      ]
    },
    "letter_blocks_latter_b_up": {
      "textures": [
        "textures/blocks/b"
      ]
    },
    "letter_blocks_latter_b_down": {
      "textures": [
        "textures/blocks/b"
      ]
    },
    "letter_blocks_latter_b_south": {
      "textures": [
        "textures/blocks/b"
      ]
    },
    "letter_blocks_latter_b_north": {
      "textures": [
        "textures/blocks/b"
      ]
    },
    "letter_blocks_latter_b_west": {
      "textures": [
        "textures/blocks/b"
      ]
    },
    "letter_blocks_latter_b_east": {
      "textures": [
        "textures/blocks/b"
      ]
    },
    "letter_blocks_latter_c_up": {
      "textures": [
        "textures/blocks/c"
      ]
    },
    "letter_blocks_latter_c_down": {
      "textures": [
        "textures/blocks/c"
      ]
    },
    "letter_blocks_latter_c_south": {
      "textures": [
        "textures/blocks/c"
      ]
    },
    "letter_blocks_latter_c_north": {
      "textures": [
        "textures/blocks/c"
      ]
    },
    "letter_blocks_latter_c_west": {
      "textures": [
        "textures/blocks/c"
      ]
    },
    "letter_blocks_latter_c_east": {
      "textures": [
        "textures/blocks/c"
      ]
    },
    "letter_blocks_letter_d_up": {
      "textures": [
        "textures/blocks/d"
      ]
    },
    "letter_blocks_letter_d_down": {
      "textures": [
        "textures/blocks/d"
      ]
    },
    "letter_blocks_letter_d_south": {
      "textures": [
        "textures/blocks/d"
      ]
    },
    "letter_blocks_letter_d_north": {
      "textures": [
        "textures/blocks/d"
      ]
    },
    "letter_blocks_letter_d_west": {
      "textures": [
        "textures/blocks/d"
      ]
    },
    "letter_blocks_letter_d_east": {
      "textures": [
        "textures/blocks/d"
      ]
    },
    "letter_blocks_letter_e_up": {
      "textures": [
        "textures/blocks/e"
      ]
    },
    "letter_blocks_letter_e_down": {
      "textures": [
        "textures/blocks/e"
      ]
    },
    "letter_blocks_letter_e_south": {
      "textures": [
        "textures/blocks/e"
      ]
    },
    "letter_blocks_letter_e_north": {
      "textures": [
        "textures/blocks/e"
      ]
    },
    "letter_blocks_letter_e_west": {
      "textures": [
        "textures/blocks/e"
      ]
    },
    "letter_blocks_letter_e_east": {
      "textures": [
        "textures/blocks/e"
      ]
    },
    "letter_blocks_letter_f_up": {
      "textures": [
        "textures/blocks/f"
      ]
    },
    "letter_blocks_letter_f_down": {
      "textures": [
        "textures/blocks/f"
      ]
    },
    "letter_blocks_letter_f_south": {
      "textures": [
        "textures/blocks/f"
      ]
    },
    "letter_blocks_letter_f_north": {
      "textures": [
        "textures/blocks/f"
      ]
    },
    "letter_blocks_letter_f_west": {
      "textures": [
        "textures/blocks/f"
      ]
    },
    "letter_blocks_letter_f_east": {
      "textures": [
        "textures/blocks/f"
      ]
    },
    "letter_blocks_letter_g_up": {
      "textures": [
        "textures/blocks/g"
      ]
    },
    "letter_blocks_letter_g_down": {
      "textures": [
        "textures/blocks/g"
      ]
    },
    "letter_blocks_letter_g_south": {
      "textures": [
        "textures/blocks/g"
      ]
    },
    "letter_blocks_letter_g_north": {
      "textures": [
        "textures/blocks/g"
      ]
    },
    "letter_blocks_letter_g_west": {
      "textures": [
        "textures/blocks/g"
      ]
    },
    "letter_blocks_letter_g_east": {
      "textures": [
        "textures/blocks/g"
      ]
    },
    "letter_blocks_letter_h_up": {
      "textures": [
        "textures/blocks/h"
      ]
    },
    "letter_blocks_letter_h_down": {
      "textures": [
        "textures/blocks/h"
      ]
    },
    "letter_blocks_letter_h_south": {
      "textures": [
        "textures/blocks/h"
      ]
    },
    "letter_blocks_letter_h_north": {
      "textures": [
        "textures/blocks/h"
      ]
    },
    "letter_blocks_letter_h_west": {
      "textures": [
        "textures/blocks/h"
      ]
    },
    "letter_blocks_letter_h_east": {
      "textures": [
        "textures/blocks/h"
      ]
    },
    "letter_blocks_latter_i_up": {
      "textures": [
        "textures/blocks/i"
      ]
    },
    "letter_blocks_latter_i_down": {
      "textures": [
        "textures/blocks/i"
      ]
    },
    "letter_blocks_latter_i_south": {
      "textures": [
        "textures/blocks/i"
      ]
    },
    "letter_blocks_latter_i_north": {
      "textures": [
        "textures/blocks/i"
      ]
    },
    "letter_blocks_latter_i_west": {
      "textures": [
        "textures/blocks/i"
      ]
    },
    "letter_blocks_latter_i_east": {
      "textures": [
        "textures/blocks/i"
      ]
    },
    "letter_blocks_letter_j_up": {
      "textures": [
        "textures/blocks/j"
      ]
    },
    "letter_blocks_letter_j_down": {
      "textures": [
        "textures/blocks/j"
      ]
    },
    "letter_blocks_letter_j_south": {
      "textures": [
        "textures/blocks/j"
      ]
    },
    "letter_blocks_letter_j_north": {
      "textures": [
        "textures/blocks/j"
      ]
    },
    "letter_blocks_letter_j_west": {
      "textures": [
        "textures/blocks/j"
      ]
    },
    "letter_blocks_letter_j_east": {
      "textures": [
        "textures/blocks/j"
      ]
    },
    "letter_blocks_latter_k_up": {
      "textures": [
        "textures/blocks/k"
      ]
    },
    "letter_blocks_latter_k_down": {
      "textures": [
        "textures/blocks/k"
      ]
    },
    "letter_blocks_latter_k_south": {
      "textures": [
        "textures/blocks/k"
      ]
    },
    "letter_blocks_latter_k_north": {
      "textures": [
        "textures/blocks/k"
      ]
    },
    "letter_blocks_latter_k_west": {
      "textures": [
        "textures/blocks/k"
      ]
    },
    "letter_blocks_latter_k_east": {
      "textures": [
        "textures/blocks/k"
      ]
    },
    "letter_blocks_letter_l_up": {
      "textures": [
        "textures/blocks/l"
      ]
    },
    "letter_blocks_letter_l_down": {
      "textures": [
        "textures/blocks/l"
      ]
    },
    "letter_blocks_letter_l_south": {
      "textures": [
        "textures/blocks/l"
      ]
    },
    "letter_blocks_letter_l_north": {
      "textures": [
        "textures/blocks/l"
      ]
    },
    "letter_blocks_letter_l_west": {
      "textures": [
        "textures/blocks/l"
      ]
    },
    "letter_blocks_letter_l_east": {
      "textures": [
        "textures/blocks/l"
      ]
    },
    "letter_blocks_letter_m_up": {
      "textures": [
        "textures/blocks/m"
      ]
    },
    "letter_blocks_letter_m_down": {
      "textures": [
        "textures/blocks/m"
      ]
    },
    "letter_blocks_letter_m_south": {
      "textures": [
        "textures/blocks/m"
      ]
    },
    "letter_blocks_letter_m_north": {
      "textures": [
        "textures/blocks/m"
      ]
    },
    "letter_blocks_letter_m_west": {
      "textures": [
        "textures/blocks/m"
      ]
    },
    "letter_blocks_letter_m_east": {
      "textures": [
        "textures/blocks/m"
      ]
    },
    "letter_blocks_letter_n_up": {
      "textures": [
        "textures/blocks/n"
      ]
    },
    "letter_blocks_letter_n_down": {
      "textures": [
        "textures/blocks/n"
      ]
    },
    "letter_blocks_letter_n_south": {
      "textures": [
        "textures/blocks/n"
      ]
    },
    "letter_blocks_letter_n_north": {
      "textures": [
        "textures/blocks/n"
      ]
    },
    "letter_blocks_letter_n_west": {
      "textures": [
        "textures/blocks/n"
      ]
    },
    "letter_blocks_letter_n_east": {
      "textures": [
        "textures/blocks/n"
      ]
    },
    "letter_blocks_letter_o_up": {
      "textures": [
        "textures/blocks/o"
      ]
    },
    "letter_blocks_letter_o_down": {
      "textures": [
        "textures/blocks/o"
      ]
    },
    "letter_blocks_letter_o_south": {
      "textures": [
        "textures/blocks/o"
      ]
    },
    "letter_blocks_letter_o_north": {
      "textures": [
        "textures/blocks/o"
      ]
    },
    "letter_blocks_letter_o_west": {
      "textures": [
        "textures/blocks/o"
      ]
    },
    "letter_blocks_letter_o_east": {
      "textures": [
        "textures/blocks/o"
      ]
    },
    "letter_blocks_letter_p_up": {
      "textures": [
        "textures/blocks/p"
      ]
    },
    "letter_blocks_letter_p_down": {
      "textures": [
        "textures/blocks/p"
      ]
    },
    "letter_blocks_letter_p_south": {
      "textures": [
        "textures/blocks/p"
      ]
    },
    "letter_blocks_letter_p_north": {
      "textures": [
        "textures/blocks/p"
      ]
    },
    "letter_blocks_letter_p_west": {
      "textures": [
        "textures/blocks/p"
      ]
    },
    "letter_blocks_letter_p_east": {
      "textures": [
        "textures/blocks/p"
      ]
    },
    "letter_blocks_letter_q_up": {
      "textures": [
        "textures/blocks/q"
      ]
    },
    "letter_blocks_letter_q_down": {
      "textures": [
        "textures/blocks/q"
      ]
    },
    "letter_blocks_letter_q_south": {
      "textures": [
        "textures/blocks/q"
      ]
    },
    "letter_blocks_letter_q_north": {
      "textures": [
        "textures/blocks/q"
      ]
    },
    "letter_blocks_letter_q_west": {
      "textures": [
        "textures/blocks/q"
      ]
    },
    "letter_blocks_letter_q_east": {
      "textures": [
        "textures/blocks/q"
      ]
    },
    "letter_blocks_letter_r_up": {
      "textures": [
        "textures/blocks/r"
      ]
    },
    "letter_blocks_letter_r_down": {
      "textures": [
        "textures/blocks/r"
      ]
    },
    "letter_blocks_letter_r_south": {
      "textures": [
        "textures/blocks/r"
      ]
    },
    "letter_blocks_letter_r_north": {
      "textures": [
        "textures/blocks/r"
      ]
    },
    "letter_blocks_letter_r_west": {
      "textures": [
        "textures/blocks/r"
      ]
    },
    "letter_blocks_letter_r_east": {
      "textures": [
        "textures/blocks/r"
      ]
    },
    "letter_blocks_letter_s_up": {
      "textures": [
        "textures/blocks/s"
      ]
    },
    "letter_blocks_letter_s_down": {
      "textures": [
        "textures/blocks/s"
      ]
    },
    "letter_blocks_letter_s_south": {
      "textures": [
        "textures/blocks/s"
      ]
    },
    "letter_blocks_letter_s_north": {
      "textures": [
        "textures/blocks/s"
      ]
    },
    "letter_blocks_letter_s_west": {
      "textures": [
        "textures/blocks/s"
      ]
    },
    "letter_blocks_letter_s_east": {
      "textures": [
        "textures/blocks/s"
      ]
    },
    "letter_blocks_letter_t_up": {
      "textures": [
        "textures/blocks/t"
      ]
    },
    "letter_blocks_letter_t_down": {
      "textures": [
        "textures/blocks/t"
      ]
    },
    "letter_blocks_letter_t_south": {
      "textures": [
        "textures/blocks/t"
      ]
    },
    "letter_blocks_letter_t_north": {
      "textures": [
        "textures/blocks/t"
      ]
    },
    "letter_blocks_letter_t_west": {
      "textures": [
        "textures/blocks/t"
      ]
    },
    "letter_blocks_letter_t_east": {
      "textures": [
        "textures/blocks/t"
      ]
    },
    "letter_blocks_letter_u_up": {
      "textures": [
        "textures/blocks/u"
      ]
    },
    "letter_blocks_letter_u_down": {
      "textures": [
        "textures/blocks/u"
      ]
    },
    "letter_blocks_letter_u_south": {
      "textures": [
        "textures/blocks/u"
      ]
    },
    "letter_blocks_letter_u_north": {
      "textures": [
        "textures/blocks/u"
      ]
    },
    "letter_blocks_letter_u_west": {
      "textures": [
        "textures/blocks/u"
      ]
    },
    "letter_blocks_letter_u_east": {
      "textures": [
        "textures/blocks/u"
      ]
    },
    "letter_blocks_letter_v_up": {
      "textures": [
        "textures/blocks/v"
      ]
    },
    "letter_blocks_letter_v_down": {
      "textures": [
        "textures/blocks/v"
      ]
    },
    "letter_blocks_letter_v_south": {
      "textures": [
        "textures/blocks/v"
      ]
    },
    "letter_blocks_letter_v_north": {
      "textures": [
        "textures/blocks/v"
      ]
    },
    "letter_blocks_letter_v_west": {
      "textures": [
        "textures/blocks/v"
      ]
    },
    "letter_blocks_letter_v_east": {
      "textures": [
        "textures/blocks/v"
      ]
    },
    "letter_blocks_letter_w_up": {
      "textures": [
        "textures/blocks/w"
      ]
    },
    "letter_blocks_letter_w_down": {
      "textures": [
        "textures/blocks/w"
      ]
    },
    "letter_blocks_letter_w_south": {
      "textures": [
        "textures/blocks/w"
      ]
    },
    "letter_blocks_letter_w_north": {
      "textures": [
        "textures/blocks/w"
      ]
    },
    "letter_blocks_letter_w_west": {
      "textures": [
        "textures/blocks/w"
      ]
    },
    "letter_blocks_letter_w_east": {
      "textures": [
        "textures/blocks/w"
      ]
    },
    "letter_blocks_letter_x_up": {
      "textures": [
        "textures/blocks/x"
      ]
    },
    "letter_blocks_letter_x_down": {
      "textures": [
        "textures/blocks/x"
      ]
    },
    "letter_blocks_letter_x_south": {
      "textures": [
        "textures/blocks/x"
      ]
    },
    "letter_blocks_letter_x_north": {
      "textures": [
        "textures/blocks/x"
      ]
    },
    "letter_blocks_letter_x_west": {
      "textures": [
        "textures/blocks/x"
      ]
    },
    "letter_blocks_letter_x_east": {
      "textures": [
        "textures/blocks/x"
      ]
    },
    "letter_blocks_letter_y_up": {
      "textures": [
        "textures/blocks/y"
      ]
    },
    "letter_blocks_letter_y_down": {
      "textures": [
        "textures/blocks/y"
      ]
    },
    "letter_blocks_letter_y_south": {
      "textures": [
        "textures/blocks/y"
      ]
    },
    "letter_blocks_letter_y_north": {
      "textures": [
        "textures/blocks/y"
      ]
    },
    "letter_blocks_letter_y_west": {
      "textures": [
        "textures/blocks/y"
      ]
    },
    "letter_blocks_letter_y_east": {
      "textures": [
        "textures/blocks/y"
      ]
    },
    "letter_blocks_letter_z_up": {
      "textures": [
        "textures/blocks/z"
      ]
    },
    "letter_blocks_letter_z_down": {
      "textures": [
        "textures/blocks/z"
      ]
    },
    "letter_blocks_letter_z_south": {
      "textures": [
        "textures/blocks/z"
      ]
    },
    "letter_blocks_letter_z_north": {
      "textures": [
        "textures/blocks/z"
      ]
    },
    "letter_blocks_letter_z_west": {
      "textures": [
        "textures/blocks/z"
      ]
    },
    "letter_blocks_letter_z_east": {
      "textures": [
        "textures/blocks/z"
      ]
    },
    "letter_blocks_number_0_up": {
      "textures": [
        "textures/blocks/zero"
      ]
    },
    "letter_blocks_number_0_down": {
      "textures": [
        "textures/blocks/zero"
      ]
    },
    "letter_blocks_number_0_south": {
      "textures": [
        "textures/blocks/zero"
      ]
    },
    "letter_blocks_number_0_north": {
      "textures": [
        "textures/blocks/zero"
      ]
    },
    "letter_blocks_number_0_west": {
      "textures": [
        "textures/blocks/zero"
      ]
    },
    "letter_blocks_number_0_east": {
      "textures": [
        "textures/blocks/zero"
      ]
    },
    "letter_blocks_number_1_up": {
      "textures": [
        "textures/blocks/one"
      ]
    },
    "letter_blocks_number_1_down": {
      "textures": [
        "textures/blocks/one"
      ]
    },
    "letter_blocks_number_1_south": {
      "textures": [
        "textures/blocks/one"
      ]
    },
    "letter_blocks_number_1_north": {
      "textures": [
        "textures/blocks/one"
      ]
    },
    "letter_blocks_number_1_west": {
      "textures": [
        "textures/blocks/one"
      ]
    },
    "letter_blocks_number_1_east": {
      "textures": [
        "textures/blocks/one"
      ]
    },
    "letter_blocks_number_2_up": {
      "textures": [
        "textures/blocks/two"
      ]
    },
    "letter_blocks_number_2_down": {
      "textures": [
        "textures/blocks/two"
      ]
    },
    "letter_blocks_number_2_south": {
      "textures": [
        "textures/blocks/two"
      ]
    },
    "letter_blocks_number_2_north": {
      "textures": [
        "textures/blocks/two"
      ]
    },
    "letter_blocks_number_2_west": {
      "textures": [
        "textures/blocks/two"
      ]
    },
    "letter_blocks_number_2_east": {
      "textures": [
        "textures/blocks/two"
      ]
    },
    "letter_blocks_number_3_up": {
      "textures": [
        "textures/blocks/three"
      ]
    },
    "letter_blocks_number_3_down": {
      "textures": [
        "textures/blocks/three"
      ]
    },
    "letter_blocks_number_3_south": {
      "textures": [
        "textures/blocks/three"
      ]
    },
    "letter_blocks_number_3_north": {
      "textures": [
        "textures/blocks/three"
      ]
    },
    "letter_blocks_number_3_west": {
      "textures": [
        "textures/blocks/three"
      ]
    },
    "letter_blocks_number_3_east": {
      "textures": [
        "textures/blocks/three"
      ]
    },
    "letter_blocks_number_4_up": {
      "textures": [
        "textures/blocks/four"
      ]
    },
    "letter_blocks_number_4_down": {
      "textures": [
        "textures/blocks/four"
      ]
    },
    "letter_blocks_number_4_south": {
      "textures": [
        "textures/blocks/four"
      ]
    },
    "letter_blocks_number_4_north": {
      "textures": [
        "textures/blocks/four"
      ]
    },
    "letter_blocks_number_4_west": {
      "textures": [
        "textures/blocks/four"
      ]
    },
    "letter_blocks_number_4_east": {
      "textures": [
        "textures/blocks/four"
      ]
    },
    "letter_blocks_number_5_up": {
      "textures": [
        "textures/blocks/five"
      ]
    },
    "letter_blocks_number_5_down": {
      "textures": [
        "textures/blocks/five"
      ]
    },
    "letter_blocks_number_5_south": {
      "textures": [
        "textures/blocks/five"
      ]
    },
    "letter_blocks_number_5_north": {
      "textures": [
        "textures/blocks/five"
      ]
    },
    "letter_blocks_number_5_west": {
      "textures": [
        "textures/blocks/five"
      ]
    },
    "letter_blocks_number_5_east": {
      "textures": [
        "textures/blocks/five"
      ]
    },
    "letter_blocks_number_6_up": {
      "textures": [
        "textures/blocks/six"
      ]
    },
    "letter_blocks_number_6_down": {
      "textures": [
        "textures/blocks/six"
      ]
    },
    "letter_blocks_number_6_south": {
      "textures": [
        "textures/blocks/six"
      ]
    },
    "letter_blocks_number_6_north": {
      "textures": [
        "textures/blocks/six"
      ]
    },
    "letter_blocks_number_6_west": {
      "textures": [
        "textures/blocks/six"
      ]
    },
    "letter_blocks_number_6_east": {
      "textures": [
        "textures/blocks/six"
      ]
    },
    "letter_blocks_number_7_up": {
      "textures": [
        "textures/blocks/seven"
      ]
    },
    "letter_blocks_number_7_down": {
      "textures": [
        "textures/blocks/seven"
      ]
    },
    "letter_blocks_number_7_south": {
      "textures": [
        "textures/blocks/seven"
      ]
    },
    "letter_blocks_number_7_north": {
      "textures": [
        "textures/blocks/seven"
      ]
    },
    "letter_blocks_number_7_west": {
      "textures": [
        "textures/blocks/seven"
      ]
    },
    "letter_blocks_number_7_east": {
      "textures": [
        "textures/blocks/seven"
      ]
    },
    "letter_blocks_number_8_up": {
      "textures": [
        "textures/blocks/eight"
      ]
    },
    "letter_blocks_number_8_down": {
      "textures": [
        "textures/blocks/eight"
      ]
    },
    "letter_blocks_number_8_south": {
      "textures": [
        "textures/blocks/eight"
      ]
    },
    "letter_blocks_number_8_north": {
      "textures": [
        "textures/blocks/eight"
      ]
    },
    "letter_blocks_number_8_west": {
      "textures": [
        "textures/blocks/eight"
      ]
    },
    "letter_blocks_number_8_east": {
      "textures": [
        "textures/blocks/eight"
      ]
    },
    "letter_blocks_number_9_up": {
      "textures": [
        "textures/blocks/nine"
      ]
    },
    "letter_blocks_number_9_down": {
      "textures": [
        "textures/blocks/nine"
      ]
    },
    "letter_blocks_number_9_south": {
      "textures": [
        "textures/blocks/nine"
      ]
    },
    "letter_blocks_number_9_north": {
      "textures": [
        "textures/blocks/nine"
      ]
    },
    "letter_blocks_number_9_west": {
      "textures": [
        "textures/blocks/nine"
      ]
    },
    "letter_blocks_number_9_east": {
      "textures": [
        "textures/blocks/nine"
      ]
    },
    "letter_blocks_period_up": {
      "textures": [
        "textures/blocks/period"
      ]
    },
    "letter_blocks_period_down": {
      "textures": [
        "textures/blocks/period"
      ]
    },
    "letter_blocks_period_south": {
      "textures": [
        "textures/blocks/period"
      ]
    },
    "letter_blocks_period_north": {
      "textures": [
        "textures/blocks/period"
      ]
    },
    "letter_blocks_period_west": {
      "textures": [
        "textures/blocks/period"
      ]
    },
    "letter_blocks_period_east": {
      "textures": [
        "textures/blocks/period"
      ]
    },
    "letter_blocks_questionmark_up": {
      "textures": [
        "textures/blocks/question_mark"
      ]
    },
    "letter_blocks_questionmark_down": {
      "textures": [
        "textures/blocks/question_mark"
      ]
    },
    "letter_blocks_questionmark_south": {
      "textures": [
        "textures/blocks/question_mark"
      ]
    },
    "letter_blocks_questionmark_north": {
      "textures": [
        "textures/blocks/question_mark"
      ]
    },
    "letter_blocks_questionmark_west": {
      "textures": [
        "textures/blocks/question_mark"
      ]
    },
    "letter_blocks_questionmark_east": {
      "textures": [
        "textures/blocks/question_mark"
      ]
    },
    "letter_blocks_explanationmark_up": {
      "textures": [
        "textures/blocks/explanation_mark"
      ]
    },
    "letter_blocks_explanationmark_down": {
      "textures": [
        "textures/blocks/explanation_mark"
      ]
    },
    "letter_blocks_explanationmark_south": {
      "textures": [
        "textures/blocks/explanation_mark"
      ]
    },
    "letter_blocks_explanationmark_north": {
      "textures": [
        "textures/blocks/explanation_mark"
      ]
    },
    "letter_blocks_explanationmark_west": {
      "textures": [
        "textures/blocks/explanation_mark"
      ]
    },
    "letter_blocks_explanationmark_east": {
      "textures": [
        "textures/blocks/explanation_mark"
      ]
    },
    "letter_blocks_quotationmark_1_up": {
      "textures": [
        "textures/blocks/quotation_mark1"
      ]
    },
    "letter_blocks_quotationmark_1_down": {
      "textures": [
        "textures/blocks/quotation_mark1"
      ]
    },
    "letter_blocks_quotationmark_1_south": {
      "textures": [
        "textures/blocks/quotation_mark1"
      ]
    },
    "letter_blocks_quotationmark_1_north": {
      "textures": [
        "textures/blocks/quotation_mark1"
      ]
    },
    "letter_blocks_quotationmark_1_west": {
      "textures": [
        "textures/blocks/quotation_mark1"
      ]
    },
    "letter_blocks_quotationmark_1_east": {
      "textures": [
        "textures/blocks/quotation_mark1"
      ]
    },
    "letter_blocks_quotationmark_2_up": {
      "textures": [
        "textures/blocks/quotation_mark2"
      ]
    },
    "letter_blocks_quotationmark_2_down": {
      "textures": [
        "textures/blocks/quotation_mark2"
      ]
    },
    "letter_blocks_quotationmark_2_south": {
      "textures": [
        "textures/blocks/quotation_mark2"
      ]
    },
    "letter_blocks_quotationmark_2_north": {
      "textures": [
        "textures/blocks/quotation_mark2"
      ]
    },
    "letter_blocks_quotationmark_2_west": {
      "textures": [
        "textures/blocks/quotation_mark2"
      ]
    },
    "letter_blocks_quotationmark_2_east": {
      "textures": [
        "textures/blocks/quotation_mark2"
      ]
    },
    "letter_blocks_space_up": {
      "textures": [
        "textures/blocks/space"
      ]
    },
    "letter_blocks_space_down": {
      "textures": [
        "textures/blocks/space"
      ]
    },
    "letter_blocks_space_south": {
      "textures": [
        "textures/blocks/space"
      ]
    },
    "letter_blocks_space_north": {
      "textures": [
        "textures/blocks/space"
      ]
    },
    "letter_blocks_space_west": {
      "textures": [
        "textures/blocks/space"
      ]
    },
    "letter_blocks_space_east": {
      "textures": [
        "textures/blocks/space"
      ]
    },
    "letter_blocks_uparrow_up": {
      "textures": [
        "textures/blocks/up_arrow"
      ]
    },
    "letter_blocks_uparrow_down": {
      "textures": [
        "textures/blocks/up_arrow"
      ]
    },
    "letter_blocks_uparrow_south": {
      "textures": [
        "textures/blocks/up_arrow"
      ]
    },
    "letter_blocks_uparrow_north": {
      "textures": [
        "textures/blocks/up_arrow"
      ]
    },
    "letter_blocks_uparrow_west": {
      "textures": [
        "textures/blocks/up_arrow"
      ]
    },
    "letter_blocks_uparrow_east": {
      "textures": [
        "textures/blocks/up_arrow"
      ]
    },
    "letter_blocks_downarrow_up": {
      "textures": [
        "textures/blocks/down_arrow"
      ]
    },
    "letter_blocks_downarrow_down": {
      "textures": [
        "textures/blocks/down_arrow"
      ]
    },
    "letter_blocks_downarrow_south": {
      "textures": [
        "textures/blocks/down_arrow"
      ]
    },
    "letter_blocks_downarrow_north": {
      "textures": [
        "textures/blocks/down_arrow"
      ]
    },
    "letter_blocks_downarrow_west": {
      "textures": [
        "textures/blocks/down_arrow"
      ]
    },
    "letter_blocks_downarrow_east": {
      "textures": [
        "textures/blocks/down_arrow"
      ]
    },
    "letter_blocks_leftarrow_up": {
      "textures": [
        "textures/blocks/left_arrow"
      ]
    },
    "letter_blocks_leftarrow_down": {
      "textures": [
        "textures/blocks/left_arrow"
      ]
    },
    "letter_blocks_leftarrow_south": {
      "textures": [
        "textures/blocks/left_arrow"
      ]
    },
    "letter_blocks_leftarrow_north": {
      "textures": [
        "textures/blocks/left_arrow"
      ]
    },
    "letter_blocks_leftarrow_west": {
      "textures": [
        "textures/blocks/left_arrow"
      ]
    },
    "letter_blocks_leftarrow_east": {
      "textures": [
        "textures/blocks/left_arrow"
      ]
    },
    "letter_blocks_rightarrow_up": {
      "textures": [
        "textures/blocks/right_arrow"
      ]
    },
    "letter_blocks_rightarrow_down": {
      "textures": [
        "textures/blocks/right_arrow"
      ]
    },
    "letter_blocks_rightarrow_south": {
      "textures": [
        "textures/blocks/right_arrow"
      ]
    },
    "letter_blocks_rightarrow_north": {
      "textures": [
        "textures/blocks/right_arrow"
      ]
    },
    "letter_blocks_rightarrow_west": {
      "textures": [
        "textures/blocks/right_arrow"
      ]
    },
    "letter_blocks_rightarrow_east": {
      "textures": [
        "textures/blocks/right_arrow"
      ]
    }
  }
}